original,wt
4.87960560457,-2.849823235
4.87960560457,0.79292360041
4.87960560457,4.39003102929
4.87960560457,7.7748535943
4.87960560457,10.7933747345
4.93005181347,13.3123199231
4.93005181347,15.2259282709
4.93005181347,16.4609951898
4.93005181347,16.9799193228
4.93005181347,16.7816228661
5.05699481865,15.9003555295
5.05699481865,14.4025284584
5.05699481865,12.3818459411
5.05699481865,9.95310150388
5.05699481865,7.24507491494
5.04616182573,4.39300392021
5.04616182573,1.53110806019
5.04616182573,-1.21438694943
5.04616182573,-3.73133332358
5.04616182573,-5.9265434124
4.28475103734,-7.72925618399
4.28475103734,-9.09307895253
4.28475103734,-9.99640042328
4.28475103734,-10.4413691377
4.28475103734,-10.4516159393
3.87364060073,-10.0689652025
3.87364060073,-9.3494240458
3.87364060073,-8.35876017878
3.87364060073,-7.16797780281
3.87364060073,-5.84897908002
3.71991701245,-4.47065943303
3.71991701245,-3.0956326091
3.71991701245,-1.77772086716
3.71991701245,-0.560281795866
3.71991701245,0.524619123097
3.76931052359,1.45623786121
3.76931052359,2.22447853751
3.76931052359,2.82864931133
3.76931052359,3.27580301213
3.76931052359,3.57882868575
3.66026970954,3.7544584379
3.66026970954,3.82134111525
3.66026970954,3.79831248332
3.66026970954,3.70296303626
3.66026970954,3.55057199808
3.71458225221,3.35344203384
3.71458225221,3.12063610201
3.71458225221,2.85808785309
3.71458225221,2.56903172212
3.71458225221,2.25467961068
3.53063343718,1.9150585553
3.53063343718,1.54991829544
3.53063343718,1.1596189935
3.53063343718,0.745916931163
3.53063343718,0.312578886328
3.20083030618,-0.134227093177
3.20083030618,-0.58579700974
3.20083030618,-1.03102368032
3.20083030618,-1.45678724856
3.20083030618,-1.84857415952
2.85810460901,-2.19127839985
2.85810460901,-2.47012558181
2.85810460901,-2.67165166351
2.85810460901,-2.78466420571
2.85810460901,-2.80111520716
2.65044018643,-2.71682055346
2.65044018643,-2.53197147399
2.65044018643,-2.2513973679
2.65044018643,-1.88455595392
2.65044018643,-1.4452447802
2.60020714656,-0.951046479822
2.60020714656,-0.422537551108
2.60020714656,0.117694261291
2.60020714656,0.646166693683
2.60020714656,1.13968813655
2.67082035306,1.57654155172
2.67082035306,1.93759790958
2.67082035306,2.20729479357
2.67082035306,2.37442466213
2.67082035306,2.43268939449
2.53886010363,2.3809922927
2.53886010363,2.2234546514
2.53886010363,1.96916026526
2.53886010363,1.63164677004
2.53886010363,1.22817655306
2.26905132193,0.778831327881
2.26905132193,0.305482761788
2.26905132193,-0.169303572636
2.26905132193,-0.623372278036
2.26905132193,-1.03603359957
2.30789200415,-1.38901865609
2.30789200415,-1.66729034602
2.30789200415,-1.85967525708
2.30789200415,-1.95929252842
2.30789200415,-1.96376674805
2.24377593361,-1.87522297764
2.24377593361,-1.70007232669
2.24377593361,-1.44860570401
2.24377593361,-1.13442113748
2.24377593361,-0.773716175407
2.23730569948,-0.384481279766
2.23730569948,0.0143672011062
2.23730569948,0.403874861151
2.23730569948,0.765918744858
2.23730569948,1.08402130382
2.28645563051,1.34407471207
2.28645563051,1.53494570818
2.28645563051,1.6489363745
2.28645563051,1.68208236138
2.28645563051,1.63427687365
2.23144784639,1.50921609113
2.23144784639,1.31416938802
2.23144784639,1.05958549375
2.23144784639,0.758553296268
2.23144784639,0.426142979411
2.09756097561,0.0786592322264
2.09756097561,-0.267157011464
2.09756097561,-0.594938804677
2.09756097561,-0.889474824015
2.09756097561,-1.13742294665
1.96211728075,-1.32791964054
1.96211728075,-1.45305453387
1.96211728075,-1.50818693556
1.96211728075,-1.49208999957
1.96211728075,-1.4069181256
1.98964803313,-1.25800343059
1.98964803313,-1.05349701521
1.98964803313,-0.803879591172
1.98964803313,-0.521373194892
1.98964803313,-0.219290665718
2.02954898911,0.0886380416283
2.02954898911,0.388923970413
2.02954898911,0.668925948617
2.02954898911,0.91737566299
2.02954898911,1.12479790258
1.9725388601,1.28381139071
1.9725388601,1.38930469569
1.9725388601,1.4384905481
1.9725388601,1.43084976391
1.9725388601,1.36798225136
1.83722135822,1.25338679992
1.83722135822,1.09219325446
1.83722135822,0.890870239367
1.83722135822,0.65692901635
1.83722135822,0.398639748923
1.79596064215,0.12477097975
1.79596064215,-0.155642813803
1.79596064215,-0.43350642188
1.79596064215,-0.69984748636
1.79596064215,-0.945987406193
1.87823834197,-1.16370995663
1.87823834197,-1.34543743526
1.87823834197,-1.48442159876
1.87823834197,-1.57495243152
1.87823834197,-1.61258239302
1.80870917574,-1.59435787646
1.80870917574,-1.51904391923
1.80870917574,-1.38732348305
1.80870917574,-1.20194954367
1.80870917574,-0.967827325032
1.94813278008,-0.692005598215
1.94813278008,-0.383560107958
1.94813278008,-0.0533586868719
1.94813278008,0.286293991356
1.94813278008,0.622124467229
2.08652849741,0.940453841367
2.08652849741,1.22782949501
2.08652849741,1.47169036438
2.08652849741,1.66102536898
2.08652849741,1.78698199216
2.16097308489,1.84338279149
2.16097308489,1.82711188468
2.16097308489,1.73834100469
2.16097308489,1.58057503213
2.16097308489,1.36050921132
1.93730569948,1.08770355571
1.93730569948,0.774093148157
1.93730569948,0.43336502462
1.93730569948,0.0802420615941
1.93730569948,-0.270279084419
1.72699069286,-0.603686006463
1.72699069286,-0.906655605216
1.72699069286,-1.16766216726
1.72699069286,-1.37745285807
1.72699069286,-1.52936616349
1.73692387364,-1.6194817065
1.73692387364,-1.64660337002
1.73692387364,-1.61209057239
1.73692387364,-1.51956372478
1.73692387364,-1.37451836409
1.62060041408,-1.18388747042
1.62060041408,-0.955592636771
1.62060041408,-0.698122018731
1.62060041408,-0.420166681668
1.62060041408,-0.130337755797
1.67599792639,0.163024339401
1.67599792639,0.451949281136
1.67599792639,0.728857018363
1.67599792639,0.986520770131
1.67599792639,1.21800204324
1.62092180218,1.41659053915
1.62092180218,1.57578155105
1.62092180218,1.68931917542
1.62092180218,1.75132572001
1.62092180218,1.75652680548
1.62052877138,1.70056887716
1.62052877138,1.58041243881
1.62052877138,1.39477167594
1.62052877138,1.14456061315
1.62052877138,0.833298755112
1.80641821946,0.467426224049
1.80641821946,0.0564802829691
1.80641821946,-0.386908062387
1.80641821946,-0.84722731083
1.80641821946,-1.30652333502
1.91498185588,-1.74505890009
1.91498185588,-2.14217299623
1.91498185588,-2.47729980178
1.91498185588,-2.73109090391
1.91498185588,-2.88657187972
1.94294605809,-2.93025670871
1.94294605809,-2.85314158107
1.94294605809,-2.65150383894
1.94294605809,-2.32744187812
1.94294605809,-1.88910717379
2.40984455959,-1.35059905161
2.40984455959,-0.731514921926
2.40984455959,-0.0561717197913
2.40984455959,0.647463539167
2.40984455959,1.34907657717
2.86956521739,2.01746898372
2.86956521739,2.62209821448
2.86956521739,3.13460649673
2.86956521739,3.53025220513
2.86956521739,3.78916453871
2.76010362694,3.89735458122
2.76010362694,3.8474319366
2.76010362694,3.63899472351
2.76010362694,3.27868029452
2.76010362694,2.77988314915
2.50698396275,2.16216382157
2.50698396275,1.45038699589
2.50698396275,0.673638027407
2.50698396275,-0.136025900206
2.50698396275,-0.94493052676
2.34974093264,-1.71918594228
2.34974093264,-2.42607848521
2.34974093264,-3.03540195642
2.34974093264,-3.52068321846
2.34974093264,-3.860263874
2.41575946086,-4.03820611839
2.41575946086,-4.04499663922
2.41575946086,-3.87802744852
2.41575946086,-3.54183689687
2.41575946086,-3.04809816728
2.39689119171,-2.4153467679
2.39689119171,-1.66844348324
2.39689119171,-0.837775413081
2.39689119171,0.041794507217
2.39689119171,0.932209606236
2.6658004158,1.79370219741
2.6658004158,2.58643368135
2.6658004158,3.27223616377
2.6658004158,3.81638771898
2.6658004158,4.18934321731
3.21109958506,4.36833544073
3.21109958506,4.33875818292
3.21109958506,4.0952451118
3.21109958506,3.64236598183
3.21109958506,2.99487551748
3.46393357551,2.17746966324
3.46393357551,1.22402812598
3.46393357551,0.176349966548
3.46393357551,-0.917581223945
3.46393357551,-2.00573623968
3.47658688866,-3.0344892262
3.47658688866,-3.95125906461
3.47658688866,-4.70720794725
3.47658688866,-5.25985184414
3.47658688866,-5.57543605216
4.34538784067,-5.63093655141
4.34538784067,-5.41556430883
4.34538784067,-4.93167418453
4.34538784067,-4.19501134116
4.34538784067,-3.23426416859
5.03711447987,-2.08993149339
5.03711447987,-0.812550815074
5.03711447987,0.53962895788
5.03711447987,1.90341462615
5.03711447987,3.21373442103
5.71995820272,4.4068436097
5.71995820272,5.42350295592
5.71995820272,6.21196427641
5.71995820272,6.73060797576
5.71995820272,6.95009666377
6.14997405293,6.85493544338
6.14997405293,6.44436147356
6.14997405293,5.73252094645
6.14997405293,4.74792852061
6.14997405293,3.53224038514
5.90051813472,2.13840550717
5.90051813472,0.628288531732
5.90051813472,-0.930119078981
5.90051813472,-2.46576666075
5.90051813472,-3.90774843026
6.09434940384,-5.18849959671
6.09434940384,-6.24684461764
6.09434940384,-7.03076821838
6.09434940384,-7.49979524094
6.09434940384,-7.62688462338
6.53726708075,-7.39976463638
6.53726708075,-6.82165976866
6.53726708075,-5.91138333262
6.53726708075,-4.70279310934
6.53726708075,-3.24362952793
7.51838425686,-1.59377654284
7.51838425686,0.176995722177
7.51838425686,1.99173048071
7.51838425686,3.76933479256
7.51838425686,5.42787686549
8.39015544041,6.88801500299
8.39015544041,8.07643446328
8.39015544041,8.92916262243
8.39015544041,9.39463018044
8.39015544041,9.43634732231
9.55757261411,9.03506940741
9.55757261411,8.19033753303
9.55757261411,6.92129569211
9.55757261411,5.26670846938
9.55757261411,3.28413120192
10.4427757639,1.04821775513
10.4427757639,-1.35181145314
10.4427757639,-3.81547827601
10.4427757639,-6.2350284516
10.4427757639,-8.49994218162
11.9412681913,-10.5017939477
11.9412681913,-12.1392523441
11.9412681913,-13.3229900096
11.9412681913,-13.9802638876
11.9412681913,-14.0589285369
13.8187012987,-13.5306608575
13.8187012987,-12.3932033479
13.8187012987,-10.6714739837
13.8187012987,-8.41744220412
13.8187012987,-5.7087297574
15.9319833853,-2.64595907905
15.9319833853,0.651063179246
15.9319833853,4.04817770115
15.9319833853,7.40251374098
15.9319833853,10.568688914
18.3354069466,13.4052833516
18.3354069466,15.7812856254
18.3354069466,17.5822051467
18.3354069466,18.7155588421
18.3354069466,19.1154678909
18.8781752203,18.7461414351
18.8781752203,17.6040759572
18.8781752203,15.7188584767
18.8781752203,13.1525255787
18.8781752203,9.99749523192
18.0825116762,6.37315123555
18.0825116762,2.42121814214
18.0825116762,-1.69988467282
18.0825116762,-5.82147926603
18.0825116762,-9.77159347017
18.8218181818,-13.3821701926
18.8218181818,-16.4962286323
18.8218181818,-18.9746852829
18.8218181818,-20.7025538424
18.8218181818,-21.5942641174
19.9735614308,-21.5978699387
19.9735614308,-20.6979541825
19.9735614308,-18.9170843142
19.9735614308,-16.3157234447
19.9735614308,-12.9905585598
21.6523316062,-9.0712679497
21.6523316062,-4.71581228513
21.6523316062,-0.104396253759
21.6523316062,4.56769210329
21.6523316062,9.09810180899
24.7336448598,13.2859887264
24.7336448598,16.9407867692
24.7336448598,19.8908080138
24.7336448598,21.9912897195
24.7336448598,23.1315135986
27.2324857291,23.2406476825
27.2324857291,22.2920037766
27.2324857291,20.305462734
27.2324857291,17.3478935657
27.2324857291,13.5314777524
28.0661840745,9.00994323341
28.0661840745,3.97280904944
28.0661840745,-1.36216319451
28.0661840745,-6.75802576541
28.0661840745,-11.9688453207
29.6340072576,-16.7506197641
29.6340072576,-20.8724376798
29.6340072576,-24.1273809292
29.6340072576,-26.3426671863
29.6340072576,-27.3885477362
31.9880643487,-27.1855163228
31.9880643487,-25.7094458995
31.9880643487,-22.9943497213
31.9880643487,-19.1325585702
31.9880643487,-14.2722137099
35.8287493513,-8.61209163842
35.8287493513,-2.39389763271
35.8287493513,4.10771409827
35.8287493513,10.5970199886
35.8287493513,16.7705270009
37.7127272727,22.3311229852
37.7127272727,27.0024378172
37.7127272727,30.5427313103
37.7127272727,32.7576095605
37.7127272727,33.5108905752
38.3329875519,32.7329950096
38.3329875519,30.42632916
38.3329875519,26.667253586
38.3329875519,21.6043880885
38.3329875519,15.4531860824
38.5932642487,8.48691014801
38.5932642487,1.02434512146
38.5932642487,-6.58521664914
38.5932642487,-13.9790043003
38.5932642487,-20.798951388
37.6993260757,-26.7100697942
37.6993260757,-31.4180027936
37.6993260757,-34.6847570793
37.6993260757,-36.3416883599
37.6993260757,-36.2989514644
37.6363636364,-34.5508173969
37.6363636364,-31.1764956779
37.6363636364,-26.336365933
37.6363636364,-20.2638004828
37.6363636364,-13.2530304742
42.5344738206,-5.64375257945
42.5344738206,2.19662635994
42.5344738206,9.8920679784
42.5344738206,17.0771936708
42.5344738206,23.4156807074
46.2497409326,28.6167323615
46.2497409326,32.4487359289
46.2497409326,34.7494231484
46.2497409326,35.4320879744
46.2497409326,34.4876778555
45.7494813278,31.9828363363
45.7494813278,28.0542171759
45.7494813278,22.8995958196
45.7494813278,16.7664593353
45.7494813278,9.93885214363
44.1897356143,2.72328891287
44.1897356143,-4.56547959351
44.1897356143,-11.6181394367
44.1897356143,-18.1433344481
44.1897356143,-23.8785873696
49.7077720207,-28.5993258274
49.7077720207,-32.1258645709
49.7077720207,-34.3283234341
49.7077720207,-35.12956011
49.7077720207,-34.5062627691
51.5513485477,-32.4883791727
51.5513485477,-29.1570600882
51.5513485477,-24.6412731066
51.5513485477,-19.11320859
51.5513485477,-12.7825637843
50.4756476684,-5.88976503519
50.4756476684,1.30181945053
50.4756476684,8.51460693505
50.4756476684,15.4663550608
50.4756476684,21.8803650439
54.6409326425,27.496070159
54.6409326425,32.079656111
54.6409326425,35.434275184
54.6409326425,37.4093502258
54.6409326425,37.9084298359
55.3528194516,36.8950623486
55.3528194516,34.3962092453
55.3528194516,30.5028196077
55.3528194516,25.3673320191
55.3528194516,19.198049737
50.4277576385,12.2505355103
50.4277576385,4.81637749553
50.4277576385,-2.79013064906
50.4277576385,-10.2466918782
50.4277576385,-17.2382723873
44.8066355625,-23.4720589213
44.8066355625,-28.6912411008
44.8066355625,-32.6868260451
44.8066355625,-35.3068247765
44.8066355625,-36.4623303323
47.7069502075,-36.1302207361
47.7069502075,-34.3524476576
47.7069502075,-31.2320943165
47.7069502075,-26.9265854264
47.7069502075,-21.6385918999
47.232642487,-15.6052820072
47.232642487,-9.08662233619
47.232642487,-2.35342562502
47.232642487,4.32421667319
47.232642487,10.6875814826
46.373126615,16.4986369709
46.373126615,21.5477828749
46.373126615,25.6598934421
46.373126615,28.698675007
46.373126615,30.5694489882
45.0098343685,31.2205343782
45.0098343685,30.6434290825
45.0098343685,28.8719790953
45.0098343685,25.9806852812
45.0098343685,22.0822397281
47.2436757873,17.3243195982
47.2436757873,11.8856089923
47.2436757873,5.97098030204
47.2436757873,-0.194245028773
47.2436757873,-6.37101512331
43.9731543624,-12.3142495041
43.9731543624,-17.7814432058
43.9731543624,-22.5419858903
43.9731543624,-26.3868924645
43.9731543624,-29.138529529
42.33436853,-30.6598284408
42.33436853,-30.8624144401
42.33436853,-29.7130631816
42.33436853,-27.2379282528
42.33436853,-23.5240681294
43.1376811594,-18.7179355633
43.1376811594,-13.0206684947
43.1376811594,-6.68022661209
43.1376811594,0.0193643397621
43.1376811594,6.77118541176
45.486794407,13.2603495061
45.486794407,19.179863635
45.486794407,24.2465167961
45.486794407,28.2158480619
45.486794407,30.8952825601
43.3890041494,32.1546215367
43.3890041494,31.9332297771
43.3890041494,30.243467659
43.3890041494,27.1701506564
43.3890041494,22.8660685321
39.2989102231,17.5438412737
39.2989102231,11.4646114044
39.2989102231,4.92425723028
39.2989102231,-1.76205308595
39.2989102231,-8.27606866957
37.2533678756,-14.3125085291
37.2533678756,-19.5940845541
37.2533678756,-23.8847131658
37.2533678756,-27.0002702875
37.2533678756,-28.8164119246
36.2715025907,-29.273168222
36.2715025907,-28.3762090367
36.2715025907,-26.194861373
36.2715025907,-22.8571228865
36.2715025907,-18.5420529306
35.3113989637,-13.4700279897
35.3113989637,-7.89141937732
35.3113989637,-2.07428797054
35.3113989637,3.70830406517
35.3113989637,9.19078709175
35.0175892395,14.1268510113
35.0175892395,18.3000155147
35.0175892395,21.532608079
35.0175892395,23.6928362409
35.0175892395,24.6997265476
35.6599483204,24.5257895889
35.6599483204,23.1973567622
35.6599483204,20.7926186842
35.6599483204,17.4374765462
35.6599483204,13.29939538
33.8920601972,8.57952103795
33.8920601972,3.50338916846
33.8920601972,-1.68938752603
33.8920601972,-6.75602051442
33.8920601972,-11.4615689536
33.1843198339,-15.5896033173
33.1843198339,-18.9520306111
33.1843198339,-21.3976279192
33.1843198339,-22.8188788266
33.1843198339,-23.1567771397
33.3200414293,-22.4033522766
33.3200414293,-20.6017771366
33.3200414293,-17.8440371064
33.3200414293,-14.2662618516
33.3200414293,-10.0419426014
35.1498962656,-5.37336940755
35.1498962656,-0.481718252233
35.1498962656,4.4037093529
35.1498962656,9.05654639337
35.1498962656,13.2641575568
35.2975635044,16.8376283896
35.2975635044,19.6204491716
35.2975635044,21.4954719551
35.2975635044,22.389817677
35.2975635044,22.277525139
34.2012448133,21.179857661
34.2012448133,19.1633086227
34.2012448133,16.3354663856
34.2012448133,12.8390053594
34.2012448133,8.84415756038
32.3566614826,4.5400836608
32.3566614826,0.125601744076
32.3566614826,-4.20025503249
32.3566614826,-8.24739299522
32.3566614826,-11.8431011383
31.4590673575,-14.8394140093
31.4590673575,-17.1190950438
31.4590673575,-18.6000209498
31.4590673575,-19.2378328476
31.4590673575,-19.0268055807
30.9152806653,-17.9989687465
30.9152806653,-16.2215880951
30.9152806653,-13.7931813266
30.9152806653,-10.8382961022
30.9152806653,-7.50131918193
31.1557971014,-3.93961354649
31.1557971014,-0.316295286868
31.1557971014,3.20703555877
31.1557971014,6.47730534667
31.1557971014,9.35643349079
32.11249352,11.7270001845
32.11249352,13.496897861
32.11249352,14.6027940397
32.11249352,15.0122837598
32.11249352,14.7246643549
32.1241593378,13.7703221253
32.1241593378,12.2087776011
32.1241593378,10.1254914779
32.1241593378,7.6275847839
32.1241593378,4.83867222689
31.9457083764,1.89304487971
31.9457083764,-1.07053443278
31.9457083764,-3.91514397234
31.9457083764,-6.51184183074
31.9457083764,-8.74535785461
32.0715025907,-10.5190881862
32.0715025907,-11.7591756096
32.0715025907,-12.4175026377
32.0715025907,-12.473475842
32.0715025907,-11.9345367163
33.2309684102,-10.8353935126
33.2309684102,-9.2360270294
33.2309684102,-7.21857842098
33.2309684102,-4.88327613199
33.2309684102,-2.34359986762
34.273340249,0.279089578705
34.273340249,2.86120589084
34.273340249,5.28262099485
34.273340249,7.43212280141
34.273340249,9.21240652806
34.581865285,10.5443828965
34.581865285,11.3706187607
34.581865285,11.6577650243
34.581865285,11.3978713783
34.581865285,10.6085357051
34.9306418219,9.33188616262
34.9306418219,7.63244423614
34.9306418219,5.59396563959
34.9306418219,3.31540113352
34.9306418219,0.906159366978
34.54375971,-1.51911292681
34.54375971,-3.8459932426
34.54375971,-5.96573302887
34.54375971,-7.78043582785
34.54375971,-9.207712825
34.7164333852,-10.1845850751
34.7164333852,-10.6704340264
34.7164333852,-10.6488455295
34.7164333852,-10.1282457151
34.7164333852,-9.14128763648
34.8323848939,-7.74301244442
34.8323848939,-6.00787459803
34.8323848939,-4.02578338438
34.8323848939,-1.89736891199
34.8323848939,0.271273968194
36.1938986556,2.37407891005
36.1938986556,4.31043843687
36.1938986556,5.99027399287
36.1938986556,7.33846892307
36.1938986556,8.29842537564
36.6044467425,8.83455874643
36.6044467425,8.9336074646
36.6044467425,8.60470744601
36.6044467425,7.87825463266
36.6044467425,6.80365069134
36.1895661157,5.4460913372
36.1895661157,3.88260960596
36.1895661157,2.19762434068
36.1895661157,0.478264954447
36.1895661157,-1.1902537384
35.9716348633,-2.72894772051
35.9716348633,-4.06884287544
35.9716348633,-5.15403269209
35.9716348633,-5.94388343433
35.9716348633,-6.41431395967
37.2385131647,-6.55813649636
37.2385131647,-6.38450048795
37.2385131647,-5.91753049936
37.2385131647,-5.19428835413
37.2385131647,-4.26221731321
37.5555555556,-3.17624142547
37.5555555556,-1.99569640657
37.5555555556,-0.781260659758
37.5555555556,0.407961827294
37.5555555556,1.51707868932
37.2364481156,2.49766650207
37.2364481156,3.30957808093
37.2364481156,3.92225908505
37.2364481156,4.31556048815
37.2364481156,4.48005718677
39.0464876033,4.41690244308
39.0464876033,4.13726276025
39.0464876033,3.66138835607
39.0464876033,3.01738113676
39.0464876033,2.2397256612
38.8482188952,1.36764974983
38.8482188952,0.443380790074
38.8482188952,-0.489638072252
38.8482188952,-1.38851047138
38.8482188952,-2.21257032729
38.381714876,-2.92493302312
38.381714876,-3.49386639249
38.381714876,-3.89394019565
38.381714876,-4.10692049443
38.381714876,-4.12238422457
39.4971517349,-3.93803912159
39.4971517349,-3.55974463507
39.4971517349,-3.00124007825
39.4971517349,-2.28359643299
39.4971517349,-1.43441737419
39.2987080103,-0.48682266536
39.2987080103,0.521747282576
39.2987080103,1.55086340096
39.2987080103,2.55853283084
39.2987080103,3.50267347165
39.0087764584,4.34259689349
39.0087764584,5.04046099812
39.0087764584,5.56265671116
39.0087764584,5.88109550652
39.0087764584,5.97436627265
38.5943152455,5.82873072621
38.5943152455,5.43892633378
38.5943152455,4.80874488085
38.5943152455,3.95135405745
38.5943152455,2.8893295394
38.4049586777,1.65436695555
38.4049586777,0.286647742558
38.4049586777,-1.16615907009
38.4049586777,-2.65026518767
38.4049586777,-4.10749170513
37.7400516796,-5.47732898724
37.7400516796,-6.69927678366
37.7400516796,-7.71539050668
37.7400516796,-8.47293707483
37.7400516796,-8.92704375288
37.7621509824,-9.04320806061
37.7621509824,-8.79952802057
37.7621509824,-8.18851138664
37.7621509824,-7.21833115674
37.7621509824,-5.91341308703
38.430196484,-4.31426880325
38.430196484,-2.47652437118
38.430196484,-0.469137010762
38.430196484,1.62816047458
38.430196484,3.72810001374
38.8521963824,5.73967001124
38.8521963824,7.57228491881
38.8521963824,9.14012733707
38.8521963824,10.3664368487
38.8521963824,11.1875124027
38.935500516,11.5562018613
38.935500516,11.4446733739
38.935500516,10.8462976165
38.935500516,9.77651576258
38.935500516,8.2726225721
38.5304752066,6.39245383962
38.5304752066,4.21202880994
38.5304752066,1.82225712279
38.5304752066,-0.6751274056
38.5304752066,-3.17220067907
37.2950310559,-5.55981349559
37.2950310559,-7.73263477547
37.2950310559,-9.59401773722
37.2950310559,-11.0604467858
37.2950310559,-12.0653493222
37.4795654423,-12.5620946313
37.4795654423,-12.5260486869
37.4795654423,-11.9556058624
37.4795654423,-10.8721727045
37.4795654423,-9.31913166882
37.6863049096,-7.35986094706
37.6863049096,-5.0749276384
37.6863049096,-2.55860364868
37.6863049096,0.0851242456968
37.6863049096,2.74686703567
38.2099276112,5.31628383966
38.2099276112,7.6864918526
38.2099276112,9.75827163748
38.2099276112,11.4439225038
38.2099276112,12.6706448036
37.7975206612,13.3833492908
37.7975206612,13.5468166919
37.7975206612,13.1471522257
37.7975206612,12.1924994331
37.7975206612,10.7129952958
37.5980341438,8.75996467082
37.5980341438,6.40436734251
37.5980341438,3.73452645384
37.5980341438,0.853183690342
37.5980341438,-2.12605489383
37.0514285714,-5.08279773206
37.0514285714,-7.89436369891
37.0514285714,-10.440563296
37.0514285714,-12.6086089028
37.0514285714,-14.2979754885
37.0217842324,-15.4250148849
37.0217842324,-15.9271150253
37.0217842324,-15.7661928539
37.0217842324,-14.9313179677
37.0217842324,-13.4402849243
37.4298291041,-11.3399861715
37.4298291041,-8.70548434816
37.4298291041,-5.63774082307
37.4298291041,-2.26002422262
37.4298291041,1.28690517956
38.5263429752,4.85066628013
38.5263429752,8.27394505874
38.5263429752,11.4017011148
38.5263429752,14.0885475323
38.5263429752,16.2059295736
38.8774560496,17.6487192171
38.8774560496,18.3408566198
38.8774560496,18.2397065238
38.8774560496,17.3388562064
38.8774560496,15.6691589821
37.9674250259,13.2979192934
37.9674250259,10.3262166979
37.9674250259,6.88447042538
37.9674250259,3.12644708159
37.9674250259,-0.777994917896
36.5525090533,-4.65105541565
36.5525090533,-8.31561387838
36.5525090533,-11.6038688014
36.5525090533,-14.3655382469
36.5525090533,-16.4751876939
36.080495356,-17.8382997544
36.080495356,-18.3957709158
36.080495356,-18.1266088182
36.080495356,-17.0487041032
36.080495356,-15.2176572913
37.2485788114,-12.7237469401
37.2485788114,-9.6872241369
37.2485788114,-6.25220444168
37.2485788114,-2.57949693677
37.2485788114,1.16124248002
37.7472868217,4.7996220718
37.7472868217,8.17247736467
37.7472868217,11.1312963113
37.7472868217,13.5487589493
37.7472868217,15.3241034199
38.4186046512,16.3871022461
38.4186046512,16.7005125196
38.4186046512,16.2609460812
38.4186046512,15.0981860081
38.4186046512,13.2730493658
38.5553257497,10.8739595896
38.5553257497,8.01244232196
38.5553257497,4.81779438441
38.5553257497,1.43119619746
38.5553257497,-2.00045619804
37.9922640536,-5.33073103835
37.9922640536,-8.41960336602
37.9922640536,-11.138939158
37.9922640536,-13.3773346473
37.9922640536,-15.044162746
38.6554752066,-16.0727180188
38.6554752066,-16.4223903391
38.6554752066,-16.0798336231
38.6554752066,-15.0591288591
38.6554752066,-13.4009695699
39.7398963731,-11.1709228828
39.7398963731,-8.45684092209
39.7398963731,-5.36551589904
39.7398963731,-2.01868872252
39.7398963731,1.45146421518
39.6288819876,4.90722785946
39.6288819876,8.21047836016
39.6288819876,11.2278846295
39.6288819876,13.8360116752
39.6288819876,15.9261504454
40.0248447205,17.4086979491
40.0248447205,18.2169160355
40.0248447205,18.3099085051
40.0248447205,17.6746749895
40.0248447205,16.3271266453
38.9554865424,14.3119829684
38.9554865424,11.7015101672
38.9554865424,8.59310811375
38.9554865424,5.10580294062
38.9554865424,1.37575342303
37.4106680476,-2.44907137177
37.4106680476,-6.21484094723
37.4106680476,-9.76819918099
37.4106680476,-12.9627200335
37.4106680476,-15.6652005728
35.5491718427,-17.7615064804
35.5491718427,-19.161696938
35.5491718427,-19.8041813883
35.5491718427,-19.6586992223
35.5491718427,-18.7279633403
37.3067357513,-17.0478674875
37.3067357513,-14.6862225154
37.3067357513,-11.7400551226
37.3067357513,-8.33157086938
37.3067357513,-4.60294798483
37.2787816211,-0.710186480984
37.2787816211,3.18371457968
37.2787816211,6.9159426775
37.2787816211,10.3310893504
37.2787816211,13.2880623108
37.2481940144,15.666364724
37.2481940144,17.3714402887
37.2481940144,18.3388242026
37.2481940144,18.5368952897
37.2481940144,17.9680911271
38.0957061562,16.6685228905
38.0957061562,14.7060061905
38.0957061562,12.1766043391
38.0957061562,9.19985695278
38.0957061562,5.91293527885
36.0786342473,2.46402206129
36.0786342473,-0.994745369348
36.0786342473,-4.31440753377
36.0786342473,-7.35602698031
36.0786342473,-9.99689842269
34.7105943152,-12.13581686
34.7105943152,-13.6971512134
34.7105943152,-14.6335409491
34.7105943152,-14.9271131967
34.7105943152,-14.5892029317
34.8608380755,-13.6586434121
34.8608380755,-12.1987727426
34.8608380755,-10.2933701443
34.8608380755,-8.04178793787
34.8608380755,-5.55357928843
35.6144702842,-2.9429356306
35.6144702842,-0.323241138232
35.6144702842,2.19797412745
35.6144702842,4.52344303052
35.6144702842,6.56974780701
33.9534402483,8.26996301709
33.9534402483,9.57530022958
33.9534402483,10.4557641778
33.9534402483,10.8998882199
33.9534402483,10.913664821
33.5111226073,10.5188217284
33.5111226073,9.75061503542
33.5111226073,8.65531625105
33.5111226073,7.28756282872
33.5111226073,5.70772247088
33.5581395349,3.97939380979
33.5581395349,2.16713315373
33.5581395349,0.334462411294
33.5581395349,-1.45781959529
33.5581395349,-3.15302858523
31.7035123967,-4.699716884
31.7035123967,-6.05256764347
31.7035123967,-7.17310809818
31.7035123967,-8.03028619297
31.7035123967,-8.6009457336
30.8733850129,-8.87022121987
30.8733850129,-8.83185690839
30.8733850129,-8.48843773921
30.8733850129,-7.85150475839
30.8733850129,-6.94151648533
31.9117191533,-5.78761174278
31.9117191533,-4.42712964811
31.9117191533,-2.90484898566
31.9117191533,-1.27192164928
31.9117191533,0.415507687341
31.1534090909,2.09798246078
31.1534090909,3.71467954829
31.1534090909,5.20556006653
31.1534090909,6.51364579475
31.1534090909,7.58732427875
30.8259297521,8.38257386858
30.8259297521,8.86499458332
30.8259297521,9.01153247213
30.8259297521,8.81179424041
30.8259297521,8.26886500874
31.4937823834,7.39956435334
31.4937823834,6.2341029877
31.4937823834,4.81513298094
31.4937823834,3.19621641699
31.4937823834,1.43976890824
30.1815830316,-0.385436577432
30.1815830316,-2.20709535409
30.1815830316,-3.95239696908
30.1815830316,-5.55111040151
30.1815830316,-6.93858325864
29.6441464673,-8.0585134912
29.6441464673,-8.86536357685
29.6441464673,-9.32630542397
29.6441464673,-9.42260822258
29.6441464673,-9.15040958378
30.6165374677,-8.52084082579
30.6165374677,-7.5595083718
30.6165374677,-6.30536316616
30.6165374677,-4.80901721934
30.6165374677,-3.13058956445
30.8174767322,-1.33718210755
30.8174767322,0.499901474365
30.8174767322,2.3080736649
30.8174767322,4.01639630363
30.8174767322,5.55841110657
30.7347466391,6.87475760855
30.7347466391,7.91548029559
30.7347466391,8.64194119847
30.7347466391,9.02827079219
30.7347466391,9.06230801591
30.5760869565,8.74599903288
30.5760869565,8.0952435362
30.5760869565,7.13919660284
30.5760869565,5.91905297734
30.5760869565,4.48635889328
30.385610766,2.90091373477
30.385610766,1.22833954286
30.385610766,-0.462589963417
30.385610766,-2.10275817219
30.385610766,-3.62554179042
29.1734852408,-4.96956033637
29.1734852408,-6.0812254657
29.1734852408,-6.91698220106
29.1734852408,-7.44514458504
29.1734852408,-7.64724347857
28.6302998966,-7.51882368744
28.6302998966,-7.06965051463
28.6302998966,-6.32331113641
28.6302998966,-5.31622262005
28.6302998966,-4.09608457417
29.8632832729,-2.71983898611
29.8632832729,-1.2512215018
29.8632832729,0.24199380377
29.8632832729,1.69094100783
29.8632832729,3.02867714299
29.6904761905,4.19313939465
29.6904761905,5.12992128313
29.6904761905,5.79475155941
29.6904761905,6.15557084366
29.6904761905,6.19411585754
29.5521694215,5.90693879866
29.5521694215,5.30580938378
29.5521694215,4.41746883879
29.5521694215,3.28272821345
29.5521694215,1.95492748435
31.0336091003,0.497796616261
31.0336091003,-1.01721534517
31.0336091003,-2.51405254451
31.0336091003,-3.91549194514
31.0336091003,-5.1467750287
30.8967475478,-6.139278334
30.8967475478,-6.83405638226
30.8967475478,-7.1850835074
30.8967475478,-7.16202168777
30.8967475478,-6.75235085828
31.3502327988,-5.96271717438
31.3502327988,-4.81938355318
31.3502327988,-3.3677050928
31.3502327988,-1.67059845645
31.3502327988,0.193973000731
32.5768235903,2.13642042166
32.5768235903,4.05972270954
32.5768235903,5.86420488582
32.5768235903,7.45266923876
32.5768235903,8.7356126769
32.7584066218,9.63624361454
32.7584066218,10.0950081758
32.7584066218,10.0733498257
32.7584066218,9.55645882812
32.7584066218,8.55481701009
32.6623578077,7.1044067401
32.6623578077,5.2655272272
32.6623578077,3.12024174083
32.6623578077,0.768561060854
32.6623578077,-1.6764539208
31.4554404145,-4.09441917164
31.4554404145,-6.3638783251
31.4554404145,-8.36873476794
31.4554404145,-10.0045058948
31.4554404145,-11.1840453836
31.8798549974,-11.842405688
31.8798549974,-11.9405591011
31.8798549974,-11.4677588817
31.8798549974,-10.4423981408
31.8798549974,-8.91130876282
32.292809105,-6.94753043005
32.292809105,-4.6466655688
32.292809105,-2.12201470246
32.292809105,0.501246198928
32.292809105,3.09253293203
32.9410852713,5.5226174828
32.9410852713,7.6703279039
32.9410852713,9.42882741882
32.9410852713,10.711141267
32.9410852713,11.4546420204
32.7960764068,11.6242611684
32.7960764068,11.2142633541
32.7960764068,10.2484959526
32.7960764068,8.77910660308
32.7960764068,6.88380072858
32.5121447028,4.66178597386
32.5121447028,2.22861720872
32.5121447028,-0.289788927259
32.5121447028,-2.76365961364
32.5121447028,-5.06605577503
31.5204345577,-7.07940208474
31.5204345577,-8.70152166601
31.5204345577,-9.85086585389
31.5204345577,-10.4706707225
31.5204345577,-10.5318270202
31.5603314345,-10.0343160251
31.5603314345,-9.00713741704
31.5603314345,-7.50673292812
31.5603314345,-5.61398738319
31.5603314345,-3.42996280113
31.5494050698,-1.07058763993
31.5494050698,1.33942151527
31.5494050698,3.67308753266
31.5494050698,5.80780687845
31.5494050698,7.63174127984
31.4003099174,9.0496301435
31.4003099174,9.98771740821
31.4003099174,10.3975336249
31.4003099174,10.2583353976
31.4003099174,9.57807659191
30.6765010352,8.39286496638
30.6765010352,6.76493969253
30.6765010352,4.77928501416
30.6765010352,2.53906853695
30.6765010352,0.160155191907
29.4712286159,-2.23500375275
29.4712286159,-4.52377583842
29.4712286159,-6.58970311336
29.4712286159,-8.32847113681
29.4712286159,-9.65317903412
29.0284384695,-10.4986403013
29.0284384695,-10.8245003406
29.0284384695,-10.6170238812
29.0284384695,-9.88947947005
29.0284384695,-8.68112478009
29.3740300052,-7.05487116785
29.3740300052,-5.09377457305
29.3740300052,-2.89655878429
29.3740300052,-0.572423288332
29.3740300052,1.76458080044
29.1339886187,4.00130810703
29.1339886187,6.03111233043
29.1339886187,7.75899525414
29.1339886187,9.10606238822
29.1339886187,10.0130793935
28.7035123967,10.4429757667
28.7035123967,10.382200549
28.7035123967,9.84089571947
28.7035123967,8.85191315387
28.7035123967,7.46875748066
27.8298862461,5.76258714925
27.8298862461,3.81844732514
27.8298862461,1.73093921066
27.8298862461,-0.400449950235
27.8298862461,-2.47612396871
26.3636833937,-4.40103321967
26.3636833937,-6.08899410742
26.3636833937,-7.46648174188
26.3636833937,-8.47573665008
26.3636833937,-9.07706390508
26.0580010357,-9.25024455755
26.0580010357,-8.99502260975
26.0580010357,-8.33067392432
26.0580010357,-7.29470448654
26.0580010357,-5.940762621
25.3590673575,-4.33588164768
25.3590673575,-2.55719490619
25.3590673575,-0.688283278623
25.3590673575,1.18467414625
25.3590673575,2.97677289497
25.1554404145,4.60811085374
25.1554404145,6.00721416319
25.1554404145,7.1140224436
25.1554404145,7.8823175997
25.1554404145,8.28150743543
24.5734989648,8.29770489871
24.5734989648,7.93407463336
24.5734989648,7.21044932636
24.5734989648,6.16224787145
24.5734989648,4.83875452505
23.576008273,3.30084207803
23.576008273,1.61824187398
23.576008273,-0.133521254359
23.576008273,-1.87640069695
23.576008273,-3.53317262971
23.0046632124,-5.03071920695
23.0046632124,-6.30312046609
23.0046632124,-7.29443373616
23.0046632124,-7.96105203675
23.0046632124,-8.27354915798
22.816252588,-8.21793829989
22.816252588,-7.79629276899
22.816252588,-7.02670069637
22.816252588,-5.94255044152
22.816252588,-4.59116862523
22.7261904762,-3.03185788843
22.7261904762,-1.33340574138
22.7261904762,0.428841570716
22.7261904762,2.17622627216
22.7261904762,3.83021690175
22.787377134,5.31589421334
22.787377134,6.56533558711
22.787377134,7.52074736137
22.787377134,8.13719990409
22.787377134,8.38483239833
22.354188211,8.250413201
22.354188211,7.73816687528
22.354188211,6.86980983589
22.354188211,5.68377183514
22.354188211,4.23361874712
21.5308130502,2.58573146144
21.5308130502,0.816334143275
21.5308130502,-0.991999488783
21.5308130502,-2.75420298662
21.5308130502,-4.38675510607
20.2419689119,-5.81170250609
20.2419689119,-6.96046648789
20.2419689119,-7.77723930108
20.2419689119,-8.22179248501
20.2419689119,-8.27154674171
19.8762939959,-7.9227887172
19.8762939959,-7.1909629781
19.8762939959,-6.11001510705
19.8762939959,-4.73081155114
19.8762939959,-3.1187108079
19.2303719008,-1.35040588506
19.2303719008,0.489802931845
19.2303719008,2.31411542665
19.2303719008,4.03550914171
19.2303719008,5.57196895903
18.7049689441,6.85045343487
18.7049689441,7.81039779691
18.7049689441,8.40657933882
18.7049689441,8.61120596086
18.7049689441,8.41513069412
17.6373512675,7.82814171523
17.6373512675,6.87832590078
17.6373512675,5.61055163541
17.6373512675,4.08416075592
17.6373512675,2.36999785117
16.3335059555,0.54693572861
16.3335059555,-1.30192269985
16.3335059555,-3.09317439229
16.3335059555,-4.74698503008
16.3335059555,-6.19071236778
15.7642487047,-7.36211728728
15.7642487047,-8.21202103478
15.7642487047,-8.70629842073
15.7642487047,-8.82713222232
15.7642487047,-8.57349166883
15.4803516029,-7.96083574271
15.4803516029,-7.02007824088
15.4803516029,-5.79588445483
15.4803516029,-4.34439755768
15.4803516029,-2.73051525576
15.6820062048,-1.02485323408
15.6820062048,0.699458995577
15.6820062048,2.37000210926
15.6820062048,3.91816769475
15.6820062048,5.28200329857
15.5934917355,6.40868560731
15.5934917355,7.25652625766
15.5934917355,7.79643885046
15.5934917355,8.01282203993
15.5934917355,7.90384084886
15.3814699793,7.48111539234
15.3814699793,6.76885179072
15.3814699793,5.80247312385
15.3814699793,4.62682786308
15.3814699793,3.29406853661
14.5827300931,1.86130386531
14.5827300931,0.388132925557
14.5827300931,-1.06583001556
14.5827300931,-2.44333628994
14.5827300931,-3.69169505452
13.9689762151,-4.76469615994
13.9689762151,-5.62419925347
13.9689762151,-6.24134305585
13.9689762151,-6.59734795694
13.9689762151,-6.68390403282
13.7227108122,-6.50315426419
13.7227108122,-6.06729824791
13.7227108122,-5.39785436111
13.7227108122,-4.5246277351
13.7227108122,-3.48443737685
13.5479026411,-2.31965846836
13.5479026411,-1.07663566432
13.5479026411,0.195979314513
13.5479026411,1.44891659946
13.5479026411,2.63395931126
13.2832729156,3.70555756016
13.2832729156,4.62235028086
13.2832729156,5.34856313694
13.2832729156,5.85525271197
13.2832729156,6.1213679607
12.9813760993,6.13459974681
12.9813760993,5.89198880449
12.9813760993,5.40026236229
12.9813760993,4.6758707862
12.9813760993,3.74469874518
12.4671154842,2.64143127286
12.4671154842,1.4085641633
12.4671154842,0.0950605616497
12.4671154842,-1.24532881567
12.4671154842,-2.55604627481
11.9404453651,-3.77995331453
11.9404453651,-4.86172721362
11.9404453651,-5.75033427987
11.9404453651,-6.401470413
11.9404453651,-6.77984870819
11.6209218022,-6.86120904852
11.6209218022,-6.63392716013
11.6209218022,-6.1001111318
11.6209218022,-5.27609207131
11.6209218022,-4.19224190815
11.4206431535,-2.89208425227
11.4206431535,-1.43070199396
11.4206431535,0.127514199394
11.4206431535,1.71169170248
11.4206431535,3.24775320023
11.7208095485,4.66198971023
11.7208095485,5.88474856769
11.7208095485,6.85404028315
11.7208095485,7.51886416987
11.7208095485,7.84206068312
11.1838425686,7.80251849732
11.1838425686,7.39659563316
11.1838425686,6.63865481579
11.1838425686,5.5606613904
11.1838425686,4.2108446919
10.1546445252,2.65147755153
10.1546445252,0.955880271909
10.1546445252,-0.795198358622
10.1546445252,-2.51763258094
10.1546445252,-4.12818625853
9.64107883817,-5.54876271021
9.64107883817,-6.7104051793
9.64107883817,-7.55682832639
9.64107883817,-8.04728713225
9.64107883817,-8.15862703656
9.18393782383,-7.88640572591
9.18393782383,-7.24502986161
9.18393782383,-6.26690595985
9.18393782383,-5.00066019143
9.18393782383,-3.50853369161
9.19346473029,-1.86310496366
9.19346473029,-0.14352648467
9.19346473029,1.56851333693
9.19346473029,3.19288041593
9.19346473029,4.65491694675
9.28097459824,5.88898931456
9.28097459824,6.8414826483
9.28097459824,7.47309893313
9.28097459824,7.7603591811
9.28097459824,7.69625823673
8.60186625194,7.29007030031
8.60186625194,6.56635110245
8.60186625194,5.56322595796
8.60186625194,4.33008913272
8.60186625194,2.92486706039
7.95388601036,1.4110145769
7.95388601036,-0.145581156822
7.95388601036,-1.6796199119
7.95388601036,-3.12917746618
7.95388601036,-4.43813567548
7.6658017644,-5.55815602547
7.6658017644,-6.45013481432
7.6658017644,-7.08511550525
7.6658017644,-7.4446702139
7.6658017644,-7.52079520345
7.65075246497,-7.31539240528
7.65075246497,-6.8394285784
7.65075246497,-6.11187456799
7.65075246497,-5.15852869224
7.65075246497,-4.01082076299
7.64315352697,-2.70467752129
7.64315352697,-1.27950789231
7.64315352697,0.222660464212
7.64315352697,1.75789079873
7.64315352697,3.28091886267
7.66321243523,4.74565697618
7.66321243523,6.10568981885
7.66321243523,7.31484166039
7.66321243523,8.32789540617
7.66321243523,9.10153388269
7.57638529259,9.59555333915
7.57638529259,9.7743692632
7.57638529259,9.60879732345
7.57638529259,9.07805044631
7.57638529259,8.17185029305
6.88043478261,6.89251176482
6.88043478261,5.25682681629
6.88043478261,3.29755279612
6.88043478261,1.06430418018
6.88043478261,-1.37634257221
6.47022268255,-3.94169195781
6.47022268255,-6.53483345183
6.47022268255,-9.04765580178
6.47022268255,-11.3649436549
6.47022268255,-13.3694433496
6.31726283048,-14.9476975032
6.31726283048,-15.9963658119
6.31726283048,-16.4286794726
6.31726283048,-16.1806257716
6.31726283048,-15.2164336779
6.32244686366,-13.532935209
6.32244686366,-11.1624133839
6.32244686366,-8.17361579707
6.32244686366,-4.67071069409
6.32244686366,-0.790084769408
6.24313115604,3.30497876184
6.24313115604,7.43155633822
6.24313115604,11.3959451236
6.24313115604,15.0036699168
6.24313115604,18.0700719566
6.44536509581,20.4308449449
6.44536509581,21.9518541827
6.44536509581,22.5375908597
6.44536509581,22.1376761835
6.44536509581,20.7509365187
5.61534473821,18.4267148541
5.61534473821,15.2632564183
5.61534473821,11.4031953117
5.61534473821,7.02636118607
5.61534473821,2.34030626976
